{"_step":7,"hopper:fitness_std":328.26666259765625,"mean_fitness":698.85888671875,"_timestamp":1.7345173017464507e+09,"hopper:mean_fitness":698.85888671875,"BC_loss":-3.0604143142700195,"hopper:max_fitness":1099.8304443359375,"Gen time":3470.2994253635406,"_wandb":{"runtime":38155},"D":64,"BC_accuracy":0.11643420159816742,"_runtime":31141.6367938,"max_ep_length":1000,"mean_ep_length":659.4506225585938,"max_fitness":1099.8304443359375}