{"MNIST:train_accuracy":5.978668062753907e+34,"_wandb":{"runtime":58},"_timestamp":1.7344230300245028e+09,"_runtime":58.2862172,"MNIST:mean_fitness":0,"MNIST:fitness_std":0,"D":10,"MNIST:synth_loss":0,"MNIST:synth_accuracy":0,"_step":10,"Gen time":0.3460509777069092,"MNIST:min_fitness":0}